,artist_name
6,009 Sound System
7,2 Unlimited
8,49ers
9,808 State
10,A-Trak
11,ABC
12,Adam X
13,Adeva
14,Adonis
15,Afrojack
16,AgNO3
17,Alec Empire
18,Alesso
19,Alex Gaudino
20,Alex Party
21,Alexandra Prince
22,Alexandra Stan
23,Alison Limerick
24,Amber
25,Ananda Project
26,Anane
27,Angie Brown
28,Ann Nesby
29,AnnaGrace
30,Annie Mac
31,Anthony Pappa
32,Antoine Clamaran
33,Armand Van Helden
34,Armin van Buuren
35,Art Department
36,Arty
37,Ashley Beedle
38,The Aston Shuffle
39,The Avalanches
40,Avicii
41,Axwell
42,Aya
43,ATB
44,B.E.D.
45,"B.G., the Prince of Rap"
46,Bad Boy Bill
47,Bag Raiders
48,Barbara Tucker
49,The Basement Boys
50,Basement Jaxx
51,Beatmasters
52,Bellatrax
53,Benny Benassi
54,Billie Ray Martin
55,Bingo Players
56,Bingoboys
57,Bizarre Inc
58,Black Box
59,Blasterjaxx
60,Blaze
61,The Bloody Beetroots
62,Blue Pearl
63,Blue Six
64,Bob Sinclar
65,BodyRockers
66,Bomb the Bass
67,Boogie Pimps
68,Booka Shade
69,Boris Dlugosch
70,Brad Carter
71,Brian Butler
72,Brooklyn Bounce
73,Brother Brown
74,Brothers in Rhythm
75,BT
76,The Buffalo Bunch
77,Busy P
78,Byron Stingily
79,C+C Music Factory
80,Calvin Harris
81,Cappella
82,Captain Hollywood Project
83,Carl Cox
84,Carol Jiani
85,Cash Cash
86,Cassius
87,The Cataracs
88,Cathy Dennis
89,CeCe Peniston
90,CeCe Rogers
91,Celeda
92,The Chainsmokers
93,Charles Schillings
94,The Chemical Brothers
95,Chicane
96,Chip E.
97,Chocolate Puma
98,Chris Brann
99,Chris Fortier
100,Chris Lake
101,Chuckie
102,Clazziquai
103,Clean Bandit
104,CLMD (Carl Louis & Martin Danielle)
105,Club 69
106,Cobra Starship
107,Cold Blank
108,Coldcut
109,Colonel Abrams
110,Colton Ford
111,Corona
112,Crookers
113,Crystal Waters
114,Curtis Jones
115,D Mob
116,D:Fuse
117,D:Ream
118,Da Mob
119,Dada Life
120,Dada Nada
121,Daft Punk
122,Daisy Dee
123,Dajae
124,Daniel Desnoyers
125,Dannii Minogue
126,Danny Tenaglia
127,Darin Epsilon
128,Daphne Rubin-Vega
129,Darryl D'Bonneau
